{
  "train_loss": [
    1.826750687955401,
    0.6686809182730691,
    0.5005788750964135,
    0.3800159562423156,
    0.3308351058204687,
    0.26920114193402284,
    0.2810608877076043,
    0.20816512109962762,
    0.22269053197076136,
    0.23208651010026324,
    0.1815258607655834,
    0.21122311416740394,
    0.16512379916847175,
    0.17548873615462166,
    0.15221985477082273,
    0.14384919581120179,
    0.13708230610012162,
    0.1254200194885263,
    0.12205801898917408,
    0.11515018032163593,
    0.10849868988807601,
    0.10087841483224932,
    0.08536059691198611,
    0.10361611127994302,
    0.09150821551786247,
    0.09536919549072324,
    0.0850935026069764,
    0.07394198821439248,
    0.070207521337003,
    0.06314409537412596,
    0.06214761662453272,
    0.06390280114491217,
    0.045228033910018894,
    0.050664374160076145,
    0.04911697722627973,
    0.04461490455354359,
    0.03977686884079842,
    0.027400795281171165,
    0.03370034929153556,
    0.0353779356274974,
    0.026365726926401434,
    0.028710634449835928,
    0.021313276469523645,
    0.025471944723005274,
    0.020240300287653296,
    0.01838823605821981,
    0.019046295839350837,
    0.021466453495847138,
    0.02101858514394109,
    0.019729707839218437
  ],
  "train_acc": [
    44.50354609929078,
    79.87588652482269,
    83.89479905437352,
    86.96808510638297,
    87.94326241134752,
    89.68676122931443,
    89.50945626477541,
    91.19385342789599,
    90.89834515366431,
    90.72104018912529,
    91.93262411347517,
    91.28250591016548,
    92.73049645390071,
    92.10992907801419,
    92.61229314420804,
    93.88297872340425,
    93.97163120567376,
    94.68085106382979,
    94.97635933806147,
    94.91725768321513,
    95.65602836879432,
    95.596926713948,
    96.09929078014184,
    95.65602836879432,
    96.45390070921985,
    96.45390070921985,
    96.63120567375887,
    96.8676122931442,
    97.34042553191489,
    97.78368794326241,
    97.57683215130024,
    97.66548463356973,
    98.19739952718676,
    98.19739952718676,
    98.10874704491725,
    98.31560283687944,
    98.55200945626477,
    98.87706855791963,
    98.72931442080379,
    98.75886524822695,
    98.93617021276596,
    98.96572104018912,
    99.29078014184397,
    99.0839243498818,
    99.34988179669031,
    99.2612293144208,
    99.32033096926713,
    99.20212765957447,
    99.49763593380615,
    99.32033096926713
  ],
  "val_loss": [
    1.4577396965026856,
    1.1389730393886566,
    1.7453176403045654,
    1.3249905610084534,
    1.0603428703546525,
    1.0014886797964573,
    1.2415718298777938,
    0.7892468047142028,
    0.6831650638580322,
    0.8361853578314186,
    1.317191321849823,
    1.2375168848037719,
    1.1216275045275688,
    1.0983108592033386,
    0.9030059146881103,
    0.8004491472244263,
    1.3311869454383851,
    1.0414592385292054,
    0.9290581464767456,
    1.0717428302764893,
    1.0025903487205505,
    1.7611169362068175,
    1.0791528558731078,
    1.3532730612158774,
    1.291974995136261,
    1.3099538004398346,
    0.8294619417190552,
    1.2107033824920654,
    1.2384313711524009,
    0.8240243405103683,
    1.3167314177751541,
    1.0200571359694004,
    1.2640644929558038,
    1.3304085039556959,
    0.9085485923453234,
    1.168247320652008,
    0.8360538280010223,
    0.6760708999633789,
    0.6904268074035644,
    0.7970701384544373,
    0.7379605317115784,
    0.7194040328264236,
    0.7434927016496659,
    0.8021265041828155,
    0.7310364949703216,
    0.752844865322113,
    0.7285774546861649,
    0.7683626735210418,
    0.7423235505819321,
    0.7808789765834808
  ],
  "val_acc": [
    61.5,
    62.75,
    57.75,
    64.75,
    70.5,
    71.5,
    66.0,
    76.5,
    82.0,
    74.25,
    68.75,
    66.75,
    71.0,
    73.75,
    75.0,
    77.75,
    68.75,
    73.25,
    73.75,
    71.75,
    75.0,
    69.0,
    74.5,
    72.0,
    71.5,
    70.5,
    76.75,
    73.75,
    71.75,
    75.0,
    72.0,
    75.5,
    70.5,
    69.5,
    77.75,
    74.5,
    77.0,
    81.0,
    82.0,
    81.0,
    81.0,
    81.25,
    80.75,
    81.0,
    80.75,
    80.75,
    80.5,
    80.75,
    81.25,
    80.25
  ],
  "lr": [
    0.0009990143508499217,
    0.0009960612933065818,
    0.00099115248173898,
    0.0009843072889837512,
    0.0009755527298894294,
    0.0009649233547011816,
    0.0009524611127067769,
    0.0009382151866819099,
    0.0009222417987882566,
    0.0009046039886902864,
    0.0008853713647665069,
    0.0008646198293969952,
    0.0008424312794113801,
    0.0008188932828794706,
    0.0007940987335200906,
    0.0007681454840920089,
    0.0007411359602138069,
    0.0007131767561367538,
    0.0006843782140659967,
    0.0006548539886902863,
    0.0006247205986388449,
    0.0005940969666355696,
    0.0005631039501653701,
    0.0005318638645048921,
    0.0005005,
    0.00046913613549510796,
    0.00043789604983463003,
    0.00040690303336443054,
    0.000376279401361155,
    0.00034614601130971394,
    0.00031662178593400354,
    0.00028782324386324626,
    0.00025986403978619317,
    0.00023285451590799105,
    0.0002069012664799097,
    0.00018210671712052946,
    0.00015856872058861996,
    0.00013638017060300502,
    0.0001156286352334933,
    9.639601130971378e-05,
    7.875820121174356e-05,
    6.278481331809012e-05,
    4.853888729322332e-05,
    3.607664529881844e-05,
    2.5447270110570804e-05,
    1.6692711016248827e-05,
    9.84751826101998e-06,
    4.938706693418354e-06,
    1.9856491500783555e-06,
    1e-06
  ]
}